<?xml version='1.0' encoding='utf-8' standalone='yes' ?>
<map>
    <boolean name="allow_remote_dynamite" value="true" />
    <string name="gmp_app_id">1:896395563931:android:1105b97041cfa7c7</string>
    <string name="app_instance_id">3f1e375ae1af0f3551c11ec4b5602630</string>
    <boolean name="has_been_opened" value="true" />
    <long name="first_open_time" value="1614686294492" />
    <boolean name="deferred_analytics_collection" value="false" />
    <boolean name="use_service" value="true" />
    <long name="health_monitor:start" value="1614686294876" />
    <boolean name="app_backgrounded" value="true" />
    <long name="last_pause_time" value="1614686863668" />
    <boolean name="measurement_enabled" value="true" />
    <long name="last_upload" value="1614686294842" />
    <boolean name="start_new_session" value="false" />
    <string name="previous_os_version">7.0</string>
    <boolean name="measurement_enabled_from_api" value="true" />
</map>
